Name,Date,Time
DuongDomic,2025-10-31,21:52:52
DuongDomic,2025-10-31,21:53:23
quanghai,2025-10-31,21:53:43
DuongDomic,2025-10-31,21:53:53
DuongDomic,2025-11-01,10:35:53
DuongDomic,2025-11-01,10:41:31
tienlinh,2025-11-01,10:41:33
tranthanh,2025-11-01,10:41:38
tienlinh,2025-11-01,10:42:05
tranthanh,2025-11-01,14:47:23
tranthanh,2025-11-01,14:53:52
tranthanh,2025-11-01,14:58:03
DuongDomic,2025-11-01,15:10:00
tranthanh,2025-11-01,15:11:17
tranthanh,2025-11-01,15:12:16
tienlinh,2025-11-01,15:19:10
quanghai,2025-11-01,15:21:20
sontung,2025-11-01,15:23:09
sontung,2025-11-01,15:24:03
quanghai,2025-11-01,15:30:21
