Name,Date,Time
DuongDomic,2025-10-31,21:52:52
DuongDomic,2025-10-31,21:53:23
quanghai,2025-10-31,21:53:43
DuongDomic,2025-10-31,21:53:53
DuongDomic,2025-11-01,10:35:53
DuongDomic,2025-11-01,10:41:31
tienlinh,2025-11-01,10:41:33
tranthanh,2025-11-01,10:41:38
tienlinh,2025-11-01,10:42:05
tranthanh,2025-11-01,14:47:23
tranthanh,2025-11-01,14:53:52
tranthanh,2025-11-01,14:58:03
DuongDomic,2025-11-01,15:10:00
tranthanh,2025-11-01,15:11:17
tranthanh,2025-11-01,15:12:16
tienlinh,2025-11-01,15:19:10
quanghai,2025-11-01,15:21:20
sontung,2025-11-01,15:23:09
sontung,2025-11-01,15:24:03
quanghai,2025-11-01,15:30:21
tranthanh,2025-11-07,20:16:26
tranthanh,2025-11-07,20:16:59
TranThanh,2025-11-08,12:38:27
DuongDomic,2025-11-08,12:38:54
SonTung,2025-11-08,12:44:00
ElonMusk,2025-11-08,12:46:17
VietTuan,2025-11-08,19:56:52
VietTuan,2025-11-10,10:32:53
DuongDomic,2025-11-10,10:34:48
MarkZuckerberg,2025-11-10,10:39:01
TienLinh,2025-11-10,10:46:25
Messi,2025-11-10,13:19:40
SonTung,2025-11-10,13:24:15
TruongGiang,2025-11-10,13:24:45
VietTuan,2025-11-10,13:25:33
Messi,2025-11-12,12:38:44
VietTuan,2025-11-12,12:44:34
VietTuan,2025-11-12,12:45:15
VietTuan,2025-11-12,12:46:19
TruongGiang,2025-11-12,12:47:25
Thang,2025-11-12,12:48:06
VietTuan,2025-11-12,12:57:51
Mbappe,2025-11-12,12:58:26
Nghia,2025-11-12,12:59:38
VietTuan,2025-11-14,21:32:51
TranThanh,2025-11-16,22:47:24
VietTuan,2025-11-16,22:47:49
